Modul;Kennung;Titel;Ver;Gew;LP;Sem
M-WIWI-100950;T-WIWI-102708;Volkswirtschaftslehre I: Mikroökonomie;1;0;5,0;0
M-WIWI-100950;T-WIWI-102737;Statistik I;1;0;5,0;0
M-WIWI-101601;T-WIWI-103067;Bachelorarbeit;1;1;12,0;0
M-WIWI-101419;T-WIWI-102611;Berufspraktikum;2;1;10,0;0
M-WIWI-101494;T-WIWI-102817;Betriebswirtschaftslehre: Unternehmensführung und Informationswirtschaft;1;1;3,0;0
M-WIWI-101494;T-WIWI-102819;Betriebswirtschaftslehre: Finanzwirtschaft und Rechnungswesen;1;1;4,0;0
M-WIWI-101578;T-WIWI-102818;Betriebswirtschaftslehre: Produktionswirtschaft und Marketing;1;1;4,0;0
M-WIWI-101578;T-WIWI-102816;Rechnungswesen;1;1;4,0;0
M-WIWI-101467;T-WIWI-102742;Bauökologie I;1;1;4,5;0
M-WIWI-101467;T-WIWI-102743;Bauökologie II;1;1;4,5;0
M-WIWI-101498;T-WIWI-102800;Management Accounting 1;2;1;4,5;0
M-WIWI-101498;T-WIWI-102801;Management Accounting 2;2;1;4,5;0
M-WIWI-101434;T-WIWI-109938;Digital Services;4;1;4,5;0
M-WIWI-101434;T-WIWI-110797;eFinance: Informationssysteme für den Wertpapierhandel;1;1;4,5;0
M-WIWI-101434;T-WIWI-109816;Foundations of Interactive Systems;2;1;4,5;0
M-WIWI-101434;T-WIWI-109936;Platform Economy;3;1;4,5;0
M-WIWI-101434;T-WIWI-109940;Spezialveranstaltung Wirtschaftsinformatik;2;1;4,5;0
M-WIWI-101402;T-WIWI-110797;eFinance: Informationssysteme für den Wertpapierhandel;1;1;4,5;0
M-WIWI-101402;T-WIWI-102643;Derivate;1;1;4,5;0
M-WIWI-101402;T-WIWI-102646;Internationale Finanzierung;1;1;3,0;0
M-WIWI-101464;T-WIWI-102746;Einführung in die Energiewirtschaft;4;1;5,5;0
M-WIWI-101464;T-WIWI-102607;Energiepolitik;3;1;3,5;0
M-WIWI-101464;T-WIWI-100806;Renewable Energy-Resources, Technologies and Economics;4;1;3,5;0
M-WIWI-101435;T-WIWI-102605;Financial Management;1;1;4,5;0
M-WIWI-101435;T-WIWI-102604;Investments;1;1;4,5;0
M-WIWI-102752;T-WIWI-109938;Digital Services;4;1;4,5;0
M-WIWI-102752;T-WIWI-109816;Foundations of Interactive Systems;2;1;4,5;0
M-WIWI-102752;T-WIWI-110888;Practical Seminar: Digital Services;1;1;4,5;0
M-WIWI-101424;T-WIWI-102805;Marketing Mix;2;1;4,5;0
M-WIWI-101424;T-WIWI-102806;Dienstleistungs- und B2B Marketing;1;1;3,0;0
M-WIWI-101424;T-WIWI-102807;International Marketing;1;1;1,5;0
M-WIWI-101437;T-WIWI-102606;Grundlagen der Produktionswirtschaft;1;1;5,5;0
M-WIWI-101437;T-WIWI-102870;Logistics and Supply Chain Management;1;1;3,5;0
M-WIWI-101437;T-WIWI-102820;Produktion und Nachhaltigkeit;1;1;3,5;0
M-WIWI-104911;T-WIWI-109816;Foundations of Interactive Systems;2;1;4,5;0
M-WIWI-104911;T-WIWI-109936;Platform Economy;3;1;4,5;0
M-WIWI-104911;T-WIWI-109935;Practical Seminar Interaction;2;1;4,5;0
M-WIWI-104911;T-WIWI-106569;Consumer Behavior;2;1;4,5;0
M-WIWI-104912;T-WIWI-109938;Digital Services;4;1;4,5;0
M-WIWI-104912;T-WIWI-110797;eFinance: Informationssysteme für den Wertpapierhandel;1;1;4,5;0
M-WIWI-104912;T-WIWI-109936;Platform Economy;3;1;4,5;0
M-WIWI-104912;T-WIWI-109937;Practical Seminar Platforms;2;1;4,5;0
M-WIWI-104913;T-WIWI-109938;Digital Services;4;1;4,5;0
M-WIWI-104913;T-WIWI-109816;Foundations of Interactive Systems;2;1;4,5;0
M-WIWI-104913;T-WIWI-109939;Practical Seminar Servitization;1;1;4,5;0
M-WIWI-101513;T-WIWI-102909;Personalmanagement;1;1;4,5;0
M-WIWI-101513;T-WIWI-102630;Organisationsmanagement;3;1;3,5;0
M-WIWI-101513;T-WIWI-102908;Personalpolitik und Arbeitsmarktinstitutionen;1;1;4,5;0
M-WIWI-101513;T-WIWI-102871;Problemlösung, Kommunikation und Leadership;1;1;2,0;0
M-WIWI-101466;T-WIWI-102744;Real Estate Management I;1;1;4,5;0
M-WIWI-101466;T-WIWI-102745;Real Estate Management II;1;1;4,5;0
M-WIWI-101425;T-WIWI-102630;Organisationsmanagement;3;1;3,5;0
M-WIWI-101425;T-WIWI-102871;Problemlösung, Kommunikation und Leadership;1;1;2,0;0
M-WIWI-101425;T-WIWI-102629;Unternehmensführung und Strategisches Management;1;1;3,5;0
M-WIWI-101465;T-WIWI-102643;Derivate;1;1;4,5;0
M-WIWI-101465;T-WIWI-110797;eFinance: Informationssysteme für den Wertpapierhandel;1;1;4,5;0
M-WIWI-101465;T-WIWI-107505;Financial Accounting for Global Firms;1;1;4,5;0
M-WIWI-101465;T-WIWI-102623;Finanzintermediation;1;1;4,5;0
M-WIWI-101465;T-WIWI-102626;Geschäftspolitik der Kreditinstitute;1;1;3,0;0
M-WIWI-101465;T-WIWI-108711;Grundlagen der Unternehmensbesteuerung;2;1;4,5;0
M-WIWI-101465;T-WIWI-102646;Internationale Finanzierung;1;1;3,0;0
M-WIWI-101465;T-WIWI-110511;Strategic Finance and Technoloy Change;1;1;1,5;0
M-WIWI-101423;T-WIWI-102643;Derivate;1;1;4,5;0
M-WIWI-101423;T-WIWI-110797;eFinance: Informationssysteme für den Wertpapierhandel;1;1;4,5;0
M-WIWI-101423;T-WIWI-102623;Finanzintermediation;1;1;4,5;0
M-WIWI-101423;T-WIWI-107505;Financial Accounting for Global Firms;1;1;4,5;0
M-WIWI-101423;T-WIWI-102626;Geschäftspolitik der Kreditinstitute;1;1;3,0;0
M-WIWI-101423;T-WIWI-108711;Grundlagen der Unternehmensbesteuerung;2;1;4,5;0
M-WIWI-101423;T-WIWI-102646;Internationale Finanzierung;1;1;3,0;0
M-WIWI-101423;T-WIWI-110511;Strategic Finance and Technoloy Change;1;1;1,5;0
M-WIWI-105482;T-WIWI-111028;Introduction to Machine Learning;1;1;4,5;0
M-WIWI-105482;T-WIWI-111029;Introduction to Neural Networks and Genetic Algorithms;1;1;4,5;0
M-WIWI-101398;T-WIWI-102708;Volkswirtschaftslehre I: Mikroökonomie;1;1;5,0;0
M-WIWI-101398;T-WIWI-102709;Volkswirtschaftslehre II: Makroökonomie;1;1;5,0;0
M-WIWI-101499;T-WIWI-102876;Auction & Mechanism Design;1;1;4,5;0
M-WIWI-101499;T-WIWI-102892;Economics and Behavior;1;1;4,5;0
M-WIWI-101499;T-WIWI-102850;Einführung in die Spieltheorie;2;1;4,5;0
M-WIWI-101499;T-WIWI-102792;Entscheidungstheorie;1;1;4,5;0
M-WIWI-101499;T-WIWI-102844;Industrieökonomie;1;1;4,5;0
M-WIWI-101499;T-WIWI-102739;Öffentliche Einnahmen;1;1;4,5;0
M-WIWI-101499;T-WIWI-102736;Volkswirtschaftslehre III: Einführung in die Ökonometrie;1;1;5,0;0
M-WIWI-101499;T-WIWI-100005;Wettbewerb in Netzen;3;1;4,5;0
M-WIWI-101403;T-WIWI-102877;Einführung in die Finanzwissenschaft;1;1;4,5;0
M-WIWI-101403;T-WIWI-108711;Grundlagen der Unternehmensbesteuerung;2;1;4,5;0
M-WIWI-101403;T-WIWI-102739;Öffentliche Einnahmen;1;1;4,5;0
M-WIWI-101403;T-WIWI-109590;Öffentliches Finanzwesen;2;1;4,5;0
M-WIWI-101599;T-WIWI-102736;Volkswirtschaftslehre III: Einführung in die Ökonometrie;1;1;5,0;0
M-WIWI-101599;T-WIWI-103063;Analyse multivariater Daten;1;1;4,5;0
M-WIWI-101599;T-WIWI-103066;Data Mining and Applications;2;1;4,5;0
M-WIWI-101599;T-WIWI-103064;Financial Econometrics;2;1;4,5;0
M-WIWI-101599;T-WIWI-110939;Financial Econometrics II;2;1;4,5;0
M-WIWI-101599;T-WIWI-103065;Statistische Modellierung von allgemeinen Regressionsmodellen;1;1;4,5;0
M-WIWI-105414;T-WIWI-103063;Analyse multivariater Daten;1;1;4,5;0
M-WIWI-105414;T-WIWI-103066;Data Mining and Applications;2;1;4,5;0
M-WIWI-105414;T-WIWI-103064;Financial Econometrics;2;1;4,5;0
M-WIWI-105414;T-WIWI-110939;Financial Econometrics II;2;1;4,5;0
M-WIWI-105414;T-WIWI-103065;Statistische Modellierung von allgemeinen Regressionsmodellen;1;1;4,5;0
M-WIWI-101668;T-WIWI-103213;Einführung in die Wirtschaftspolitik;1;1;4,5;0
M-WIWI-101668;T-WIWI-109121;Macroeconomic Theory;2;1;4,5;0
M-WIWI-101668;T-WIWI-102739;Öffentliche Einnahmen;1;1;4,5;0
M-WIWI-101668;T-WIWI-102908;Personalpolitik und Arbeitsmarktinstitutionen;1;1;4,5;0
M-WIWI-101668;T-WIWI-100005;Wettbewerb in Netzen;3;1;4,5;0
M-WIWI-101501;T-WIWI-102609;Advanced Topics in Economic Theory;1;1;4,5;0
M-WIWI-101501;T-WIWI-102876;Auction & Mechanism Design;1;1;4,5;0
M-WIWI-101501;T-WIWI-102892;Economics and Behavior;1;1;4,5;0
M-WIWI-101501;T-WIWI-102850;Einführung in die Spieltheorie;2;1;4,5;0
M-WIWI-101501;T-WIWI-102844;Industrieökonomie;1;1;4,5;0
M-WIWI-101501;T-WIWI-109121;Macroeconomic Theory;2;1;4,5;0
M-WIWI-101501;T-WIWI-102610;Wohlfahrtstheorie;3;1;4,5;0
M-WIWI-101417;T-WIWI-102749;Grundlagen der Informatik I;2;1;5,0;0
M-WIWI-101417;T-WIWI-102707;Grundlagen der Informatik II;1;1;5,0;0
M-WIWI-101581;T-WIWI-102735;Programmieren I: Java;2;1;5,0;0
M-WIWI-105112;T-WIWI-102747;Programmierung kommerzieller Systeme - Anwendungen in Netzen mit Java;3;1;4,5;0
M-WIWI-105112;T-WIWI-102748;Programmierung kommerzieller Systeme - Einsatz betrieblicher Standardsoftware;2;1;4,5;0
M-WIWI-105112;T-WIWI-110340;Angewandte Informatik – Anwendungen der Künstlichen Intelligenz;1;1;4,5;0
M-WIWI-105112;T-WIWI-110341;Angewandte Informatik – Datenbanksysteme;1;1;4,5;0
M-WIWI-105112;T-WIWI-110342;Angewandte Informatik – Informationssicherheit;3;1;4,5;0
M-WIWI-105112;T-WIWI-110339;Angewandte Informatik – Internet Computing;1;1;4,5;0
M-WIWI-105112;T-WIWI-110338;Angewandte Informatik – Modellierung;1;1;4,5;0
M-WIWI-105112;T-WIWI-110343;Angewandte Informatik – Software Engineering;1;1;4,5;0
M-WIWI-101418;T-WIWI-102758;Einführung in das Operations Research I und II;1;1;9,0;0
M-WIWI-101413;T-WIWI-102704;Standortplanung und strategisches Supply Chain Management;4;1;4,5;0
M-WIWI-101413;T-WIWI-102714;Taktisches und operatives Supply Chain Management;3;1;4,5;0
M-WIWI-101413;T-WIWI-102726;Globale Optimierung I;1;1;4,5;0
M-WIWI-101413;T-WIWI-106199;Modellieren und OR-Software: Einführung;2;1;4,5;0
M-WIWI-101413;T-WIWI-106545;Optimierungsansätze unter Unsicherheit;2;1;4,5;0
M-WIWI-101414;T-WIWI-102726;Globale Optimierung I;1;1;4,5;0
M-WIWI-101414;T-WIWI-103638;Globale Optimierung I und II;1;1;9,0;0
M-WIWI-101414;T-WIWI-102724;Nichtlineare Optimierung I;4;1;4,5;0
M-WIWI-101414;T-WIWI-103637;Nichtlineare Optimierung I und II;6;1;9,0;0
M-WIWI-101414;T-WIWI-106546;Einführung in die Stochastische Optimierung;1;1;4,5;0
M-WIWI-101414;T-WIWI-102727;Globale Optimierung II;2;1;4,5;0
M-WIWI-101414;T-WIWI-102725;Nichtlineare Optimierung II;3;1;4,5;1
M-WIWI-101414;T-WIWI-102704;Standortplanung und strategisches Supply Chain Management;4;1;4,5;0
M-WIWI-103278;T-WIWI-106546;Einführung in die Stochastische Optimierung;1;1;4,5;0
M-WIWI-103278;T-WIWI-106545;Optimierungsansätze unter Unsicherheit;2;1;4,5;0
M-WIWI-103278;T-WIWI-102724;Nichtlineare Optimierung I;4;1;4,5;0
M-WIWI-103278;T-WIWI-102714;Taktisches und operatives Supply Chain Management;3;1;4,5;0
M-ETIT-101155;T-ETIT-100533;Elektrotechnik I für Wirtschaftsingenieure;1;1;3,0;0
M-MACH-101259;T-MACH-102208;Einführung in die Technische Mechanik I: Statik und Festigkeitslehre;2;1;3,0;0
M-WIWI-101839;T-MACH-102079;Werkstoffkunde II für Wirtschaftsingenieure;1;1;5,0;0
M-WIWI-101839;T-MACH-102210;Einführung in die Technische Mechanik II: Dynamik;1;1;5,0;0
M-WIWI-101839;T-CIWVT-106058;Verfahrenstechnische Grundlagen am Beispiel der Lebensmittelverarbeitung;1;1;3,0;0
M-WIWI-101839;T-ETIT-100534;Elektrotechnik II für Wirtschaftsingenieure;1;1;5,0;0
M-MACH-101260;T-MACH-102078;Werkstoffkunde I für Wirtschaftsingenieure;1;1;3,0;0
M-WIWI-101404;T-WIWI-106291;PH APL-ING-TL01;1;1;3,0;0
M-WIWI-101404;T-WIWI-106292;PH APL-ING-TL02;1;1;3,0;0
M-WIWI-101404;T-WIWI-106293;PH APL-ING-TL03;1;1;3,0;0
M-WIWI-101404;T-WIWI-106294;PH APL-ING-TL04 ub;1;1;0,0;0
M-WIWI-101404;T-WIWI-106295;PH APL-ING-TL05 ub;1;1;0,0;0
M-WIWI-101404;T-WIWI-106296;PH APL-ING-TL06 ub;1;1;0,0;0
M-WIWI-101404;T-WIWI-108384;PH APL-ING-TL07;1;1;3,0;0
M-MACH-101274;T-MACH-102143;Bahnsystemtechnik;3;1;9,0;0
M-WIWI-104838;T-BGU-101500;Einführung in die Ingenieurgeologie;1;1;5,0;0
M-WIWI-104838;T-BGU-103541;Einführung in GIS für Studierende natur-, ingenieur- und geowissenschaftlicher Fachrichtungen, Vorleistung;1;1;3,0;0
M-WIWI-104838;T-BGU-101681;Einführung in GIS für Studierende natur-, ingenieur- und geowissenschaftlicher Fachrichtungen;1;1;3,0;0
M-WIWI-104838;T-BGU-101637;Fernerkundungssysteme, Vorleistung;1;1;1,0;0
M-WIWI-104838;T-BGU-101638;Fernerkundungsverfahren, Vorleistung;1;1;1,0;0
M-WIWI-104838;T-BGU-101636;Fernerkundung, Prüfung;1;1;4,0;0
M-WIWI-104838;T-BGU-103542;Fernerkundungsverfahren;2;1;3,0;0
M-WIWI-104838;T-PHYS-103525;Geological Hazards and Risk;2;1;8,0;0
M-WIWI-104838;T-BGU-101693;Hydrologie;2;1;4,0;0
M-WIWI-104838;T-PHYS-101092;Klimatologie;3;1;5,0;0
M-WIWI-104838;T-BGU-101814;Projektübung Angewandte Fernerkundung;1;1;1,0;0
M-WIWI-104838;T-PHYS-105594;Prüfung zur Klimatologie;4;1;1,0;0
M-WIWI-104838;T-BGU-101667;Wasserbau und Wasserwirtschaft;1;1;4,0;0
M-ETIT-102379;T-ETIT-101923;Elektroenergiesysteme;1;1;5,0;0
M-ETIT-102379;T-ETIT-100830;Elektrische Energienetze;1;1;6,0;0
M-MACH-101264;T-MACH-105152;Fahreigenschaften von Kraftfahrzeugen I;1;1;3,0;0
M-MACH-101264;T-MACH-105153;Fahreigenschaften von Kraftfahrzeugen II;1;1;3,0;0
M-MACH-101264;T-MACH-105154;Fahrzeugkomfort und -akustik I;1;1;3,0;0
M-MACH-101264;T-MACH-105155;Fahrzeugkomfort und -akustik II;1;1;3,0;0
M-MACH-101264;T-MACH-105156;Fahrzeugmechatronik I;1;1;3,0;0
M-MACH-101264;T-MACH-102156;Project Workshop: Automotive Engineering;1;1;4,5;0
M-MACH-101265;T-MACH-105156;Fahrzeugmechatronik I;1;1;3,0;0
M-MACH-101265;T-MACH-105160;Grundsätze der Nutzfahrzeugentwicklung I;1;1;1,5;0
M-MACH-101265;T-MACH-105161;Grundsätze der Nutzfahrzeugentwicklung II;1;1;1,5;0
M-MACH-101265;T-MACH-102207;Fahrzeugreifen- und Räderentwicklung für PKW;1;1;3,0;0
M-MACH-101265;T-MACH-105162;Grundsätze der PKW-Entwicklung I;1;1;1,5;0
M-MACH-101265;T-MACH-105163;Grundsätze der PKW-Entwicklung II;2;1;1,5;0
M-MACH-101265;T-MACH-102156;Project Workshop: Automotive Engineering;1;1;4,5;0
M-MACH-101265;T-MACH-110796;Python Algorithmus für Fahrzeugtechnik;1;1;4,0;0
M-MACH-101265;T-MACH-105172;Simulation gekoppelter Systeme;2;1;4,0;0
M-MACH-101265;T-MACH-108888;Simulation gekoppelter Systeme - Vorleistung;1;0;0,0;0
M-MACH-101265;T-MACH-102148;Verzahntechnik;1;1;4,0;0
M-MACH-101266;T-MACH-100092;Grundlagen der Fahrzeugtechnik I;3;1;6,0;0
M-MACH-101266;T-MACH-102117;Grundlagen der Fahrzeugtechnik II;1;1;3,0;0
M-MACH-101266;T-MACH-102156;Project Workshop: Automotive Engineering;1;1;4,5;0
M-MACH-101266;T-MACH-102116;Grundlagen zur Konstruktion von Kraftfahrzeugaufbauten I;1;1;1,5;0
M-MACH-101266;T-MACH-102119;Grundlagen zur Konstruktion von Kraftfahrzeugaufbauten II;1;1;1,5;0
M-MACH-101266;T-MACH-102093;Fluidtechnik;2;1;5,0;0
M-MACH-101266;T-MACH-102150;BUS-Steuerungen;2;1;3,0;0
M-MACH-101266;T-MACH-108889;BUS-Steuerungen - Vorleistung;1;0;0,0;0
M-MACH-101266;T-MACH-102203;Automotive Engineering I;1;1;6,0;0
M-MACH-101266;T-MACH-110796;Python Algorithmus für Fahrzeugtechnik;1;1;4,0;0
M-MACH-101276;T-MACH-102105;Fertigungstechnik;3;1;9,0;0
M-BGU-101004;T-BGU-101691;Baubetriebstechnik;1;1;6,0;0
M-BGU-101004;T-BGU-101675;Projektmanagement;2;1;3,0;0
M-MACH-101272;T-MACH-109054;Integrierte Produktionsplanung im Zeitalter von Industrie 4.0;1;1;9,0;0
M-MACH-105298;T-MACH-110771;Logistik und Supply Chain Management;2;1;9,0;0
M-MACH-101299;T-MACH-110363;Maschinenkonstruktionslehre Grundlagen I und II;1;1;7,0;0
M-MACH-101299;T-MACH-110364;Maschinenkonstruktionslehre Grundlagen I, Vorleistung;1;1;1,0;0
M-MACH-101299;T-MACH-110365;Maschinenkonstruktionslehre Grundlagen II, Vorleistung;1;1;1,0;0
M-MACH-101277;T-MACH-102151;Materialfluss in Logistiksystemen;3;1;9,0;0
M-MACH-101287;T-MACH-102165;Ausgewählte Kapitel der Optik und Mikrooptik für Maschinenbauer;1;1;3,0;0
M-MACH-101287;T-MACH-100967;BioMEMS - Mikrosystemtechnik für Life-Sciences und Medizin II;2;1;3,0;0
M-MACH-101287;T-MACH-100968;BioMEMS - Mikrosystemtechnik für Life-Sciences und Medizin III;2;1;3,0;0
M-MACH-101287;T-MACH-102172;Bionik für Ingenieure und Naturwissenschaftler;1;1;3,0;0
M-MACH-101287;T-MACH-105182;Grundlagen der Mikrosystemtechnik I;1;1;3,0;0
M-MACH-101287;T-MACH-105183;Grundlagen der Mikrosystemtechnik II;1;1;3,0;0
M-MACH-101287;T-MACH-101910;Mikroaktorik;2;1;3,0;0
M-MACH-101287;T-MACH-102080;Nanotechnologie mit Clustern;1;1;3,0;0
M-MACH-101287;T-MACH-102152;Neue Aktoren und Sensoren;3;1;4,0;0
M-MACH-101287;T-ETIT-101907;Optoelectronic Components;1;1;4,0;0
M-MACH-101287;T-MACH-100530;Physik für Ingenieure;1;1;6,0;0
M-MACH-101287;T-MACH-102164;Praktikum zu Grundlagen der Mikrosystemtechnik;1;1;3,0;0
M-MACH-101267;T-MACH-110959;Grundlagen mobiler Arbeitsmaschinen;1;1;9,0;0 - 1
M-BGU-101067;T-BGU-101791;Mobilität und Infrastruktur;2;1;9,0;0
M-MACH-101270;T-MACH-105147;Product Lifecycle Management;2;1;4,0;0
M-MACH-101270;T-MACH-102153;PLM-CAD Workshop;2;1;4,0;0
M-MACH-101270;T-MACH-102181;PLM für mechatronische Produktentwicklung;1;1;4,0;0
M-MACH-101270;T-MACH-102209;Information Engineering;2;1;3,0;0
M-MACH-101270;T-MACH-106744;Agiles Produkt-Innovations-Management - MEHRWERT-getriebene Planung neuer Produkte;3;1;4,0;0
M-MACH-101270;T-MACH-106457;IT-Systemplattform I4.0;2;1;4,0;0
M-MACH-101270;T-MACH-102083;Technische Informationssysteme;2;1;4,0;0
M-MACH-101270;T-MACH-102155;Produkt-, Prozess- und Ressourcenintegration in der Fahrzeugentstehung;2;1;4,0;0
M-MACH-101270;T-MACH-102149;Virtual Reality Praktikum;2;1;4,0;0
M-MACH-101270;T-MACH-102187;CAD-Praktikum NX;2;1;2,0;0
M-ETIT-101156;T-ETIT-100699;Modellbildung und Identifikation;1;1;4,0;0
M-ETIT-101156;T-ETIT-101921;Systemdynamik und Regelungstechnik;2;1;6,0;0
M-MACH-101279;T-MACH-109919;Grundlagen der Technischen Logistik I;1;1;4,0;0
M-MACH-101279;T-MACH-109920;Grundlagen der Technischen Logistik II;1;1;5,0;0
M-MACH-101275;T-MACH-102194;Verbrennungsmotoren I;1;1;5,0;0
M-MACH-101275;T-MACH-105564;Energieumsetzung und Wirkungsgradsteigerung bei Verbrennungsmotoren;1;1;4,0;0
M-MACH-101303;T-MACH-104609;Verbrennungsmotoren II;1;1;5,0;0
M-MACH-101303;T-MACH-105044;Grundlagen der katalytischen Abgasnachbehandlung bei Verbrennungsmotoren;1;1;4,0;0
M-MACH-101303;T-MACH-105173;Abgas- und Schmierölanalyse am Verbrennungsmotor;1;1;4,0;0
M-MACH-101303;T-MACH-105184;Betriebsstoffe für Verbrennungsmotoren;1;1;4,0;0
M-MACH-101303;T-MACH-105167;Methoden zur Analyse der motorischen Verbrennung;1;1;4,0;0
M-MACH-101303;T-MACH-105169;Motorenmesstechnik;1;1;4,0;0
M-MACH-101303;T-MACH-110817;Entwicklung des hybriden Antriebsstranges;1;1;4,0;0
M-MACH-101303;T-MACH-110816;Großdiesel- und -gasmotoren für Schiffsantriebe;1;1;4,0;0
M-MACH-101303;T-MACH-105649;Aufladung von Verbrennungsmotoren;1;1;4,0;0
M-MACH-101303;T-MACH-105985;Zündsysteme;1;1;4,0;0
M-MACH-101284;T-MACH-110176;Digitalisierung von der Produktion bis zum Kunden in der optischen Industrie;2;1;4,0;0
M-MACH-101284;T-MACH-110991;Globale Produktion;1;1;4,0;0
M-MACH-101284;T-MACH-110981;Übungen zu Globale Produktion;1;1;1,0;0
M-MACH-101284;T-MACH-105188;Integrative Strategien und deren Umsetzung in Produktion und Entwicklung von Sportwagen;1;1;4,0;0
M-MACH-101284;T-MACH-105783;Lernfabrik Globale Produktion;4;1;6,0;0
M-MACH-101284;T-MACH-108878;Praktikum Produktionsintegrierte Messtechnik;2;1;5,0;0
M-MACH-101284;T-MACH-110318;Produkt- und Produktionskonzepte für moderne Automobile;1;1;4,0;0
M-MACH-101284;T-MACH-110984;Produktionstechnik für die Elektromobilität;1;1;4,0;0
M-MACH-101284;T-MACH-110960;Projektpraktikum Additive Fertigung: Entwicklung und Fertigung eines additiven Bauteils;1;1;4,0;0
M-MACH-101284;T-MACH-102107;Qualitätsmanagement;1;1;4,0;0
M-MACH-101284;T-MACH-105185;Steuerungstechnik;2;1;4,0;0
M-MACH-101284;T-MACH-105177;Umformtechnik;1;1;3,0;0
M-MACH-101284;T-MACH-102148;Verzahntechnik;1;1;4,0;0
M-MACH-101261;T-ETIT-100534;Elektrotechnik II für Wirtschaftsingenieure;1;1;5,0;0
M-MACH-101261;T-MACH-102079;Werkstoffkunde II für Wirtschaftsingenieure;1;1;5,0;0
M-MACH-101261;T-MACH-102210;Einführung in die Technische Mechanik II: Dynamik;1;1;5,0;0
M-MACH-101262;T-MACH-102141;Aufbau und Eigenschaften verschleißfester Werkstoffe;2;1;4,0;0
M-MACH-101262;T-MACH-105179;Funktionskeramiken;1;1;4,0;0
M-MACH-101262;T-MACH-100287;Keramik-Grundlagen;1;1;6,0;0
M-MACH-101262;T-MACH-102102;Physikalische Grundlagen der Lasertechnik;3;1;5,0;0
M-MACH-101262;T-MACH-102137;Polymerengineering I;1;1;4,0;0
M-MACH-101262;T-MACH-102138;Polymerengineering II;1;1;4,0;0
M-MACH-101262;T-MACH-102157;Pulvermetallurgische Hochleistungswerkstoffe;1;1;4,0;0
M-MACH-101262;T-MACH-102179;Strukturkeramiken;1;1;4,0;0
M-MACH-101262;T-MACH-102170;Struktur- und Phasenanalyse;1;1;4,0;0
M-MACH-101262;T-MACH-100531;Systematische Werkstoffauswahl;4;1;4,0;0
M-MACH-101262;T-MACH-102139;Versagensverhalten von Konstruktionswerkstoffen: Ermüdung und Kriechen;1;1;4,0;0
M-MACH-101262;T-MACH-102140;Versagensverhalten von Konstruktionswerkstoffen: Verformung und Bruch;1;1;4,0;0
M-MACH-101262;T-MACH-102079;Werkstoffkunde II für Wirtschaftsingenieure;1;1;5,0;0
M-MACH-101286;T-MACH-110963;Werkzeugmaschinen und hochpräzise Fertigungssysteme;1;1;9,0;0
M-MATH-101676;T-MATH-102260;Mathematik 1 - Semesterklausur;1;1;3,5;0
M-MATH-101676;T-MATH-102261;Mathematik 1 - Abschlussklausur;1;1;3,5;0
M-MATH-101677;T-MATH-102262;Mathematik 2 - Semesterklausur;1;1;3,5;0
M-MATH-101677;T-MATH-102263;Mathematik 2 - Abschlussklausur;1;1;3,5;0
M-MATH-101679;T-MATH-102264;Mathematik 3 - Abschlussklausur;1;1;7,0;0
M-WIWI-101432;T-WIWI-102737;Statistik I;1;1;5,0;0
M-WIWI-101432;T-WIWI-102738;Statistik II;1;1;5,0;0
M-WIWI-101816;T-WIWI-103486;Seminar Betriebswirtschaftslehre (Bachelor);1;1;3,0;0
M-WIWI-101816;T-WIWI-103485;Seminar Informatik (Bachelor);1;1;3,0;0
M-WIWI-101816;T-WIWI-108763;Seminar Ingenieurwissenschaften (genehmigungspflichtig);1;1;3,0;0
M-WIWI-101816;T-MATH-102265;Seminar Mathematik (Bachelor);1;1;3,0;0
M-WIWI-101816;T-WIWI-103488;Seminar Operations Research (Bachelor);1;1;3,0;0
M-WIWI-101816;T-INFO-101997;Seminar aus Rechtswissenschaften I;1;1;3,0;0
M-WIWI-101816;T-WIWI-103489;Seminar Statistik (Bachelor);1;1;3,0;0
M-WIWI-101816;T-WIWI-103487;Seminar Volkswirtschaftslehre (Bachelor);1;1;3,0;0
M-WIWI-101816;T-MACH-102135;Fördertechnik und Logistiksysteme;1;1;3,0;0
M-WIWI-101816;T-MACH-109062;Produktionstechnisches Seminar;1;1;3,0;0
M-WIWI-101816;T-MACH-108737;Seminar Data-Mining in der Produktion;1;1;3,0;0
M-WIWI-101460;T-WIWI-102596;Analytisches CRM;1;1;4,5;0
M-WIWI-101460;T-WIWI-102595;Customer Relationship Management;1;1;4,5;0
M-WIWI-101460;T-WIWI-102597;Operatives CRM;1;1;4,5;0
M-ETIT-101165;T-ETIT-101924;Erzeugung elektrischer Energie;2;1;3,0;0
M-ETIT-101165;T-ETIT-101925;Aufbau und Betrieb von Leistungstransformatoren;1;1;3,0;0
M-WIWI-101421;T-WIWI-109936;Platform Economy;3;1;4,5;0
M-WIWI-101421;T-WIWI-102704;Standortplanung und strategisches Supply Chain Management;4;1;4,5;0
M-WIWI-101421;T-WIWI-102714;Taktisches und operatives Supply Chain Management;3;1;4,5;0
M-WIWI-105447;T-WIWI-110977;Teamprojekt Wirtschaft und Technologie (BWL/ING);1;1;9,0;0
M-WIWI-101422;T-WIWI-102597;Operatives CRM;1;1;4,5;0
M-WIWI-101422;T-WIWI-102596;Analytisches CRM;1;1;4,5;0
M-WIWI-101422;T-WIWI-109938;Digital Services;4;1;4,5;0
M-WIWI-101422;T-WIWI-100005;Wettbewerb in Netzen;3;1;4,5;0
M-WIWI-101426;T-WIWI-110340;Angewandte Informatik – Anwendungen der Künstlichen Intelligenz;1;1;4,5;0
M-WIWI-101426;T-WIWI-110341;Angewandte Informatik – Datenbanksysteme;1;1;4,5;0
M-WIWI-101426;T-WIWI-110342;Angewandte Informatik – Informationssicherheit;3;1;4,5;0
M-WIWI-101426;T-WIWI-110339;Angewandte Informatik – Internet Computing;1;1;4,5;0
M-WIWI-101426;T-WIWI-110338;Angewandte Informatik – Modellierung;1;1;4,5;0
M-WIWI-101426;T-WIWI-110343;Angewandte Informatik – Software Engineering;1;1;4,5;0
M-WIWI-101426;T-WIWI-110711;Ergänzung Angewandte Informatik;1;1;4,5;0
M-WIWI-101426;T-WIWI-104679;Grundlagen für mobile Business;4;1;4,5;0
M-WIWI-101426;T-WIWI-111127;Praktikum Blockchain Hackathon (Bachelor);1;1;4,5;0
M-WIWI-101426;T-WIWI-111124;Praktikum Entwicklung Soziotechnischer Informationssysteme (Bachelor);1;1;4,5;0
M-WIWI-101426;T-WIWI-110541;Praktikum Informatik (Bachelor);1;1;4,5;0
M-WIWI-101426;T-WIWI-108439;Praktikum Security, Usability and Society;2;1;4,5;0
M-INFO-105084;T-INFO-103339;BGB für Anfänger;3;1;5,0;0
M-INFO-105084;T-INFO-110300;Öffentliches Recht I & II;1;1;6,0;0
M-GEISTSOZ-101167;T-GEISTSOZ-109047;Sozialstrukturanalyse (WiWi);1;1;3,0;0
M-GEISTSOZ-101167;T-GEISTSOZ-109048;Sozialforschung A (WiWi);1;1;3,0;0
M-GEISTSOZ-101167;T-GEISTSOZ-109049;Sozialforschung B (WiWi);1;1;3,0;0
M-WIWI-105440;T-WIWI-110968;Teamprojekt Wirtschaft und Technologie;1;1;9,0;0
